{
  "soundtrack.menu": {
    "category": "master",
    "sounds": [
      "soundtrack/menu"
    ]
  },
  "kill.double": {
    "category": "master",
    "sounds": [
      "kills/DoubleKill"
    ]
  },
  "kill.quadra": {
    "category": "master",
    "sounds": [
      "kills/QuadraKill"
    ]
  },
  "kill.legendary": {
    "category": "master",
    "sounds": [
      "kills/LegendaryKill"
    ]
  },
  "kill.penta": {
    "category": "master",
    "sounds": [
      "kills/PentaKill"
    ]
  },
  "kill.spree": {
    "category": "master",
    "sounds": [
      "kills/KilingSpree"
    ]
  },
  "kill.triple": {
    "category": "master",
    "sounds": [
      "kills/TripleKill"
    ]
  }
}
